t,i,q,dq,q_des,dq_des
0.008054,0,0.004410,0.337606,0.008165,0.942176
0.018057,0,0.008245,0.381551,0.017584,0.940962
0.028061,0,0.012847,0.518425,0.026987,0.938818
0.038060,0,0.018983,0.629205,0.036361,0.935749
0.048052,0,0.025886,0.724880,0.045691,0.931759
0.058141,0,0.033939,0.824216,0.055068,0.926799
0.068052,0,0.043143,0.998628,0.064226,0.921021
0.078057,0,0.053499,1.097962,0.073407,0.914282
0.088052,0,0.063853,1.052644,0.082508,0.906648
0.098057,0,0.074975,1.208743,0.091537,0.898110
0.108057,0,0.086096,1.133670,0.100471,0.888692
0.118058,0,0.097218,1.122683,0.109309,0.878394
0.128052,0,0.108339,1.075074,0.118032,0.867238
0.138057,0,0.118693,1.061341,0.126650,0.855213
0.148058,0,0.129048,0.980315,0.135139,0.842349
0.158058,0,0.138635,0.933623,0.143495,0.828654
0.168059,0,0.147457,0.896087,0.151710,0.814141
0.178132,0,0.156277,0.821927,0.159834,0.798710
0.188047,0,0.164331,0.772946,0.167675,0.782740
0.198131,0,0.171617,0.758754,0.175483,0.765720
0.208046,0,0.179287,0.744563,0.182989,0.748235
0.218059,0,0.186190,0.732204,0.190389,0.729842
0.228054,0,0.192709,0.626001,0.197590,0.710759
0.238059,0,0.199229,0.623254,0.204602,0.690959
0.248056,0,0.204981,0.574273,0.211408,0.670490
0.258058,0,0.211501,0.616845,0.218009,0.649350
0.268059,0,0.218020,0.588006,0.224395,0.627571
0.278041,0,0.224156,0.631494,0.230548,0.605215
0.288058,0,0.229908,0.575647,0.236496,0.582183
0.298058,0,0.235277,0.595331,0.242200,0.558616
0.308059,0,0.241030,0.613183,0.247667,0.534495
0.318061,0,0.246784,0.624627,0.252890,0.509844
0.328058,0,0.252536,0.515220,0.257861,0.484700
0.338060,0,0.257522,0.490501,0.262582,0.459067
0.348072,0,0.261740,0.457084,0.267047,0.432955
0.358137,0,0.265958,0.430534,0.271271,0.406273
0.368054,0,0.270177,0.485466,0.275168,0.379585
0.378134,0,0.274395,0.375600,0.278856,0.352080
0.388052,0,0.278997,0.455711,0.282212,0.324675
0.398144,0,0.282832,0.329824,0.285347,0.296464
0.408069,0,0.285517,0.274891,0.288150,0.268428
0.418074,0,0.287818,0.215839,0.290693,0.239903
0.428076,0,0.289735,0.161821,0.292949,0.211151
0.438140,0,0.290502,0.058824,0.294928,0.182010
0.448064,0,0.291269,0.024033,0.296591,0.153094
0.458130,0,0.291653,0.052872,0.297984,0.123614
0.468061,0,0.292420,0.011215,0.299066,0.094409
0.478159,0,0.292803,0.035934,0.299869,0.064619
0.488051,0,0.292803,0.027695,0.300364,0.035372
0.498132,0,0.293187,-0.015335,0.300570,0.005532
0.508064,0,0.293570,0.036392,0.300479,-0.023874
0.518058,0,0.293570,-0.064774,0.300093,-0.053439
0.528053,0,0.293187,-0.051957,0.299411,-0.082954
0.538133,0,0.293187,0.029526,0.298425,-0.112637
0.548063,0,0.293187,-0.017166,0.297162,-0.141768
0.558203,0,0.293187,-0.051042,0.295574,-0.171374
0.568084,0,0.292803,-0.067979,0.293739,-0.200054
0.578149,0,0.292420,-0.009842,0.291579,-0.229073
0.588076,0,0.291653,-0.082169,0.289164,-0.257468
0.598132,0,0.290886,-0.095446,0.286431,-0.285976
0.608075,0,0.289352,-0.145342,0.283449,-0.313884
0.618140,0,0.287434,-0.224537,0.280149,-0.341822
0.628078,0,0.285133,-0.251545,0.276616,-0.369074
0.638133,0,0.282065,-0.349508,0.272768,-0.396279
0.648068,0,0.278230,-0.415885,0.268699,-0.422771
0.658139,0,0.274012,-0.481803,0.264308,-0.449205
0.668076,0,0.269793,-0.414511,0.259716,-0.474847
0.678150,0,0.265575,-0.412222,0.254804,-0.500371
0.688075,0,0.260973,-0.546349,0.249715,-0.525026
0.698064,0,0.256755,-0.458457,0.244348,-0.549328
0.708074,0,0.251386,-0.510643,0.238730,-0.573134
0.718170,0,0.245633,-0.625544,0.232825,-0.596573
0.728074,0,0.239496,-0.640650,0.226805,-0.618983
0.738150,0,0.232976,-0.690547,0.220455,-0.641167
0.748193,0,0.226457,-0.657130,0.213908,-0.662639
0.758138,0,0.219938,-0.658961,0.207215,-0.683252
0.768075,0,0.212651,-0.736782,0.200326,-0.703181
0.778198,0,0.204981,-0.707484,0.193108,-0.722778
0.788076,0,0.197695,-0.751431,0.185877,-0.741198
0.798134,0,0.190025,-0.820096,0.178330,-0.759220
0.808034,0,0.181971,-0.779354,0.170730,-0.776218
0.818070,0,0.173918,-0.753262,0.162856,-0.792684
0.828059,0,0.165865,-0.809110,0.154860,-0.808289
0.838134,0,0.157811,-0.821927,0.146640,-0.823224
0.848039,0,0.148991,-0.834287,0.138416,-0.837103
0.858174,0,0.140552,-0.840696,0.129864,-0.850463
0.868062,0,0.132116,-0.809110,0.121393,-0.862669
0.878142,0,0.123679,-0.859922,0.112639,-0.874253
0.888071,0,0.114858,-0.932708,0.103906,-0.884808
0.898135,0,0.106038,-0.882811,0.094950,-0.894628
0.908052,0,0.096834,-0.930877,0.086034,-0.903430
0.918148,0,0.088014,-0.855345,0.076872,-0.911489
0.928075,0,0.078810,-0.908904,0.067788,-0.918520
0.938137,0,0.069606,-0.989471,0.058514,-0.924734
0.948076,0,0.060018,-0.951934,0.049295,-0.929966
0.958142,0,0.050815,-0.930419,0.039912,-0.934341
0.968045,0,0.041226,-1.016479,0.030641,-0.937733
0.978139,0,0.031638,-0.927672,0.021163,-0.940256
0.988068,0,0.022051,-0.952849,0.011819,-0.941816
0.998168,0,0.012464,-0.967956,0.002302,-0.942462
1.008041,0,0.002876,-0.948272,-0.007002,-0.942177
1.018134,0,-0.006328,-0.960631,-0.016506,-0.940949
1.028048,0,-0.015915,-0.980316,-0.025825,-0.938821
1.038149,0,-0.025503,-1.013275,-0.035293,-0.935717
1.048071,0,-0.035091,-0.980316,-0.044559,-0.931751
1.058164,0,-0.044294,-0.922179,-0.053938,-0.926787
1.068074,0,-0.053882,-0.932708,-0.063095,-0.921007
1.078074,0,-0.063469,-0.956969,-0.072272,-0.914270
1.088074,0,-0.072673,-0.936370,-0.081378,-0.906630
1.098139,0,-0.081878,-1.029755,-0.090460,-0.898037
1.108149,0,-0.091082,-0.897917,-0.099403,-0.888600
1.118136,0,-0.099902,-0.913024,-0.108227,-0.878310
1.128071,0,-0.108722,-0.809110,-0.116898,-0.867216
1.138142,0,-0.117543,-0.851683,-0.125572,-0.855108
1.148064,0,-0.126364,-0.947356,-0.133994,-0.842340
1.158152,0,-0.134417,-0.840696,-0.142422,-0.828521
1.168053,0,-0.142854,-0.793088,-0.150555,-0.814150
1.178151,0,-0.150908,-0.848477,-0.158699,-0.798680
1.188077,0,-0.159345,-0.907988,-0.166548,-0.782691
1.198141,0,-0.167014,-0.778439,-0.174340,-0.765703
1.208076,0,-0.174685,-0.749600,-0.181861,-0.748182
1.218144,0,-0.182355,-0.792173,-0.189301,-0.729682
1.228075,0,-0.190025,-0.771572,-0.196454,-0.710720
1.238141,0,-0.196928,-0.700618,-0.203508,-0.690792
1.248075,0,-0.203831,-0.691921,-0.210270,-0.670451
1.258138,0,-0.210734,-0.637904,-0.216910,-0.649178
1.268052,0,-0.217253,-0.667200,-0.223240,-0.627587
1.278133,0,-0.223773,-0.706111,-0.229453,-0.605006
1.288053,0,-0.229909,-0.628290,-0.235342,-0.582196
1.298145,0,-0.235278,-0.524834,-0.241098,-0.558408
1.308063,0,-0.241030,-0.564660,-0.246518,-0.534484
1.318142,0,-0.246016,-0.531701,-0.251780,-0.509642
1.328074,0,-0.251385,-0.538109,-0.256719,-0.484659
1.338130,0,-0.256754,-0.505608,-0.261463,-0.458886
1.348074,0,-0.261356,-0.449302,-0.265898,-0.432950
1.358134,0,-0.265574,-0.444725,-0.270119,-0.406281
1.368074,0,-0.269026,-0.343099,-0.274025,-0.379529
1.378148,0,-0.272094,-0.322500,-0.277710,-0.352042
1.388075,0,-0.275546,-0.306935,-0.281069,-0.324610
1.398138,0,-0.278614,-0.334402,-0.284195,-0.296480
1.408077,0,-0.282065,-0.333944,-0.287002,-0.268407
1.418138,0,-0.285517,-0.348592,-0.289558,-0.239720
1.428070,0,-0.288968,-0.310597,-0.291798,-0.211167
1.438148,0,-0.292036,-0.229572,-0.293779,-0.181985
1.448063,0,-0.294337,-0.157245,-0.295440,-0.153099
1.458145,0,-0.295104,-0.099108,-0.296835,-0.123570
1.468067,0,-0.295488,0.018997,-0.297916,-0.094391
1.478134,0,-0.295488,-0.027695,-0.298717,-0.064691
1.488074,0,-0.295104,0.009384,-0.299214,-0.035302
1.498141,0,-0.295104,-0.020370,-0.299420,-0.005504
1.508075,0,-0.295104,-0.058366,-0.299328,0.023906
1.518152,0,-0.295104,0.033188,-0.298937,0.053717
1.528070,0,-0.295104,-0.046464,-0.298259,0.083005
1.538140,0,-0.294721,0.014877,-0.297274,0.112657
1.548046,0,-0.294337,0.037766,-0.296014,0.141719
1.558159,0,-0.293954,0.053329,-0.294431,0.171246
1.568071,0,-0.293570,0.098650,-0.292591,0.200018
1.578143,0,-0.292420,0.133440,-0.290430,0.229055
1.588074,0,-0.291269,0.181965,-0.288014,0.257463
1.598137,0,-0.289735,0.136644,-0.285279,0.285990
1.608039,0,-0.287818,0.186085,-0.282310,0.313784
1.618142,0,-0.286284,0.155413,-0.278998,0.341827
1.628077,0,-0.284750,0.106432,-0.275466,0.369070
1.638131,0,-0.282449,0.158617,-0.271618,0.396273
1.648045,0,-0.280148,0.277179,-0.267558,0.422709
1.658140,0,-0.277080,0.338064,-0.263157,0.449209
1.668074,0,-0.273628,0.387045,-0.258567,0.474843
1.678141,0,-0.270177,0.356374,-0.253658,0.500348
1.688075,0,-0.265574,0.529870,-0.248564,0.525026
1.698142,0,-0.260589,0.551843,-0.243155,0.549515
1.708075,0,-0.254069,0.664455,-0.237579,0.573138
1.718144,0,-0.247166,0.691005,-0.231690,0.596513
1.728068,0,-0.240263,0.702907,-0.225658,0.618970
1.738168,0,-0.233361,0.747768,-0.219294,0.641205
1.748068,0,-0.226074,0.685970,-0.212840,0.662375
1.758146,0,-0.218404,0.770200,-0.206059,0.683267
1.768081,0,-0.210350,0.783475,-0.199171,0.703192
1.778139,0,-0.203064,0.744563,-0.192000,0.722667
1.788074,0,-0.195394,0.792173,-0.184728,0.741195
1.798149,0,-0.187724,0.769742,-0.177169,0.759245
1.808076,0,-0.179670,0.790799,-0.169547,0.776288
1.818150,0,-0.172001,0.791715,-0.161642,0.792812
1.828070,0,-0.163946,0.782560,-0.153700,0.808307
1.838131,0,-0.156277,0.854428,-0.145492,0.823219
1.848074,0,-0.147840,0.763333,-0.137237,0.837150
1.858137,0,-0.139786,0.723964,-0.128745,0.850416
1.868075,0,-0.131733,0.825132,-0.120232,0.862684
1.878140,0,-0.123296,0.878232,-0.111490,0.874251
1.888075,0,-0.114475,0.878232,-0.102752,0.884812
1.898136,0,-0.105654,0.896087,-0.093799,0.894629
1.908074,0,-0.096834,0.937743,-0.084863,0.903448
1.918140,0,-0.087630,0.982604,-0.075729,0.911483
1.928034,0,-0.078043,0.968871,-0.066674,0.918493
1.938161,0,-0.069222,0.909362,-0.057341,0.924748
1.948066,0,-0.059634,0.898376,-0.048154,0.929962
1.958174,0,-0.050047,0.988097,-0.038731,0.934353
1.968074,0,-0.040076,0.985808,-0.029463,0.937741
1.978144,0,-0.030872,0.886931,-0.020008,0.940257
1.988065,0,-0.020900,1.100709,-0.010671,0.941815
1.998155,0,-0.011313,1.037080,-0.001164,0.942462
2.008056,0,-0.001726,0.965667,0.008167,0.942176
2.018057,0,0.007862,1.016938,0.017584,0.940962
2.028057,0,0.017833,0.968413,0.026984,0.938819
2.038154,0,0.027036,0.924468,0.036448,0.935716
2.048054,0,0.036624,0.953307,0.045693,0.931758
2.058137,0,0.045828,0.870908,0.055064,0.926802
2.068074,0,0.055800,0.934997,0.064246,0.921007
2.078155,0,0.064620,0.886474,0.073497,0.914211
2.088077,0,0.074208,0.940032,0.082530,0.906628
2.098134,0,0.083028,0.918517,0.091606,0.898042
2.108074,0,0.092232,0.907073,0.100487,0.888674
2.118132,0,0.101052,0.895629,0.109374,0.878314
2.128074,0,0.109873,0.913939,0.118052,0.867212
2.138140,0,0.118693,0.913939,0.126721,0.855109
2.148073,0,0.127514,0.882812,0.135152,0.842329
2.158146,0,0.135567,0.804074,0.143567,0.828531
2.168036,0,0.144004,0.779813,0.151692,0.814174
2.178135,0,0.152442,0.850309,0.159837,0.798705
2.188075,0,0.160496,0.808194,0.167696,0.782695
2.198140,0,0.168166,0.679103,0.175489,0.765705
2.208078,0,0.176219,0.774778,0.183013,0.748178
2.218158,0,0.183889,0.764249,0.190462,0.729656
2.228039,0,0.191559,0.710689,0.197579,0.710789
2.238066,0,0.198462,0.712978,0.204607,0.690945
2.248064,0,0.205365,0.688258,0.211413,0.670474
2.258145,0,0.212268,0.685512,0.218065,0.649163
2.268074,0,0.218787,0.713893,0.224404,0.627538
2.278135,0,0.225306,0.584344,0.230605,0.605003
2.288073,0,0.231059,0.582055,0.236504,0.582149
2.298146,0,0.236428,0.540857,0.242249,0.558406
2.308076,0,0.242180,0.528497,0.247676,0.534453
2.318138,0,0.247934,0.525749,0.252929,0.509652
2.328048,0,0.253303,0.410850,0.257857,0.484725
2.338132,0,0.257905,0.435112,0.262614,0.458882
2.348042,0,0.262123,0.489585,0.267034,0.433035
2.358063,0,0.265958,0.453880,0.271241,0.406469
2.368043,0,0.270177,0.426872,0.275164,0.379614
2.378135,0,0.274395,0.381551,0.278856,0.352076
2.388043,0,0.278614,0.422752,0.282209,0.324698
2.398132,0,0.282449,0.348135,0.285343,0.296497
2.408073,0,0.285517,0.258869,0.288152,0.268416
2.418171,0,0.287818,0.255665,0.290717,0.239626
2.428045,0,0.289735,0.181049,0.292943,0.211240
2.438134,0,0.290886,0.096361,0.294927,0.182027
2.448049,0,0.291653,0.117418,0.296589,0.153139
2.458140,0,0.292036,0.111467,0.297985,0.123584
2.468054,0,0.292420,0.031357,0.299066,0.094430
2.478141,0,0.293187,0.034561,0.299868,0.064672
2.488076,0,0.293187,0.004807,0.300365,0.035297
2.498144,0,0.293570,0.056992,0.300570,0.005495
2.508051,0,0.293570,-0.019455,0.300479,-0.023836
2.518137,0,0.293570,-0.106432,0.300088,-0.053674
2.528067,0,0.293570,-0.000687,0.299410,-0.082997
2.538132,0,0.293570,-0.063401,0.298425,-0.112635
2.548070,0,0.293187,-0.050126,0.297161,-0.141790
2.558166,0,0.293187,0.040970,0.295581,-0.171264
2.568042,0,0.293187,0.025406,0.293747,-0.199935
2.578136,0,0.292420,-0.019913,0.291582,-0.229036
2.588061,0,0.292036,-0.015335,0.289168,-0.257424
2.598140,0,0.291269,-0.111925,0.286429,-0.286000
2.608073,0,0.289735,-0.133898,0.283449,-0.313879
2.618138,0,0.287818,-0.211719,0.280150,-0.341817
2.628069,0,0.285517,-0.251087,0.276619,-0.369050
2.638138,0,0.282832,-0.299611,0.272766,-0.396292
2.648043,0,0.278997,-0.400778,0.268710,-0.422705
2.658145,0,0.274779,-0.453880,0.264305,-0.449220
2.668073,0,0.270177,-0.416342,0.259718,-0.474841
2.678166,0,0.265958,-0.481803,0.254796,-0.500412
2.688074,0,0.261356,-0.513848,0.249715,-0.525024
2.698166,0,0.256755,-0.530327,0.244292,-0.549572
2.708073,0,0.251386,-0.529412,0.238730,-0.573133
2.718138,0,0.245633,-0.618220,0.232844,-0.596500
2.728054,0,0.239112,-0.670862,0.226818,-0.618937
2.738133,0,0.232976,-0.684596,0.220467,-0.641129
2.748064,0,0.226457,-0.626917,0.213994,-0.662366
2.758152,0,0.219938,-0.656214,0.207206,-0.683279
2.768062,0,0.212268,-0.743649,0.200336,-0.703154
2.778137,0,0.204981,-0.733120,0.193152,-0.722664
2.788052,0,0.197695,-0.799955,0.185895,-0.741155
2.798142,0,0.190025,-0.726253,0.178325,-0.759233
2.808075,0,0.181971,-0.769741,0.170698,-0.776287
2.818135,0,0.173918,-0.882353,0.162804,-0.792788
2.828050,0,0.165865,-0.742733,0.154866,-0.808277
2.838134,0,0.157811,-0.801328,0.146640,-0.823224
2.848074,0,0.149374,-0.769283,0.138387,-0.837150
2.858132,0,0.140936,-0.864500,0.129900,-0.850409
2.868050,0,0.132116,-0.895628,0.121404,-0.862654
2.878131,0,0.123679,-0.787594,0.112648,-0.874242
2.888075,0,0.114858,-0.868162,0.103902,-0.884812
2.898064,0,0.106038,-0.920348,0.095014,-0.894562
2.908076,0,0.096834,-0.817807,0.086013,-0.903450
2.918138,0,0.087630,-0.888762,0.076881,-0.911481
2.928062,0,0.078426,-0.977112,0.067800,-0.918511
2.938058,0,0.069222,-0.924468,0.058587,-0.924689
2.948059,0,0.060018,-0.935912,0.049312,-0.929958
2.958150,0,0.050431,-0.980316,0.039904,-0.934344
2.968061,0,0.040842,-0.948730,0.030627,-0.937737
2.978138,0,0.031255,-1.012360,0.021163,-0.940256
2.988047,0,0.021667,-0.924010,0.011838,-0.941813
2.998132,0,0.012464,-1.026551,0.002335,-0.942462
3.008086,0,0.002493,-0.993591,-0.007044,-0.942174
3.018140,0,-0.006711,-0.976654,-0.016512,-0.940948
3.028166,0,-0.016299,-0.911651,-0.025936,-0.938791
3.038131,0,-0.025887,-1.003204,-0.035276,-0.935724
3.048075,0,-0.035474,-0.941405,-0.044562,-0.931749
3.058138,0,-0.044678,-0.952849,-0.053914,-0.926801
3.068045,0,-0.054265,-0.906157,-0.063069,-0.921025
3.078136,0,-0.063469,-0.973450,-0.072328,-0.914225
3.088049,0,-0.072673,-0.874113,-0.081355,-0.906650
3.098069,0,-0.081494,-0.895628,-0.090397,-0.898100
3.108158,0,-0.091082,-0.926757,-0.099411,-0.888591
3.118140,0,-0.099902,-0.870451,-0.108230,-0.878306
3.128075,0,-0.108722,-0.912566,-0.116902,-0.867212
3.138156,0,-0.117159,-0.799039,-0.125584,-0.855090
3.148035,0,-0.125980,-0.890593,-0.133969,-0.842379
3.158128,0,-0.134417,-0.829709,-0.142402,-0.828556
3.168073,0,-0.142854,-0.905699,-0.150571,-0.814120
3.178140,0,-0.150908,-0.862211,-0.158690,-0.798698
3.188046,0,-0.159345,-0.830625,-0.166523,-0.782743
3.198136,0,-0.167014,-0.791257,-0.174336,-0.765712
3.208075,0,-0.174685,-0.703822,-0.181860,-0.748184
3.218142,0,-0.182355,-0.761501,-0.189300,-0.729685
3.228037,0,-0.190025,-0.756008,-0.196427,-0.710793
3.238060,0,-0.197311,-0.680934,-0.203452,-0.690956
3.248033,0,-0.204214,-0.685512,-0.210242,-0.670539
3.258141,0,-0.210734,-0.661249,-0.216912,-0.649171
3.268075,0,-0.217253,-0.675441,-0.223254,-0.627536
3.278143,0,-0.223773,-0.629206,-0.229459,-0.604983
3.288075,0,-0.229526,-0.557336,-0.235355,-0.582144
3.298152,0,-0.235278,-0.550469,-0.241102,-0.558392
3.308046,0,-0.240647,-0.526665,-0.246509,-0.534525
3.318141,0,-0.246016,-0.517052,-0.251780,-0.509644
3.328068,0,-0.251385,-0.548638,-0.256716,-0.484674
3.338151,0,-0.256370,-0.533989,-0.261473,-0.458832
3.348074,0,-0.261356,-0.476768,-0.265898,-0.432949
3.358171,0,-0.265574,-0.380636,-0.270135,-0.406180
3.368070,0,-0.269409,-0.424582,-0.274024,-0.379540
3.378161,0,-0.272478,-0.388876,-0.277715,-0.352005
3.388039,0,-0.275929,-0.297780,-0.281057,-0.324711
3.398151,0,-0.278997,-0.369650,-0.284199,-0.296442
3.408039,0,-0.282449,-0.303731,-0.286992,-0.268514
3.418139,0,-0.285900,-0.376516,-0.289559,-0.239717
3.428075,0,-0.290502,-0.266194,-0.291799,-0.211153
3.438136,0,-0.292036,-0.252918,-0.293777,-0.182020
3.448075,0,-0.294337,-0.147631,-0.295442,-0.153062
3.458144,0,-0.295488,-0.089952,-0.296835,-0.123574
3.468044,0,-0.295488,0.061113,-0.297914,-0.094461
3.478146,0,-0.295104,0.003891,-0.298718,-0.064658
3.488074,0,-0.295104,0.058365,-0.299214,-0.035303
3.498156,0,-0.295104,0.007095,-0.299420,-0.005459
3.508083,0,-0.295104,-0.030442,-0.299328,0.023929
3.518134,0,-0.295104,-0.001144,-0.298938,0.053664
3.528043,0,-0.295104,-0.054246,-0.298261,0.082924
3.538146,0,-0.294721,0.048294,-0.297273,0.112676
3.548066,0,-0.293954,0.111925,-0.296011,0.141779
3.558066,0,-0.293570,0.055618,-0.294447,0.170975
3.568045,0,-0.292803,0.097277,-0.292596,0.199942
3.578138,0,-0.292036,0.157701,-0.290431,0.229041
3.588035,0,-0.290886,0.181049,-0.288024,0.257351
3.598138,0,-0.290502,0.116503,-0.285279,0.285994
3.608176,0,-0.287818,0.164568,-0.282267,0.314167
3.618144,0,-0.286284,0.135729,-0.278997,0.341834
3.628073,0,-0.284750,0.182880,-0.275467,0.369061
3.638131,0,-0.282832,0.185627,-0.271618,0.396273
3.648076,0,-0.280531,0.265278,-0.267545,0.422792
3.658143,0,-0.277847,0.293203,-0.263155,0.449217
3.668057,0,-0.274395,0.380178,-0.258575,0.474799
3.678142,0,-0.270944,0.398031,-0.253657,0.500352
3.688073,0,-0.266341,0.522087,-0.248565,0.525023
3.698136,0,-0.261356,0.572900,-0.243159,0.549499
3.708075,0,-0.254836,0.691463,-0.237579,0.573138
3.718136,0,-0.247933,0.695583,-0.231695,0.596495
3.728043,0,-0.240647,0.660335,-0.225674,0.618913
3.738134,0,-0.233361,0.703365,-0.219315,0.641132
3.748074,0,-0.226074,0.848477,-0.212837,0.662387
3.758164,0,-0.218404,0.710689,-0.206047,0.683305
3.768058,0,-0.210734,0.814145,-0.199188,0.703147
3.778156,0,-0.203064,0.734493,-0.191988,0.722699
3.788077,0,-0.195394,0.755550,-0.184726,0.741200
3.798135,0,-0.187724,0.777982,-0.177179,0.759223
3.808057,0,-0.179287,0.751430,-0.169561,0.776257
3.818137,0,-0.171616,0.782560,-0.161653,0.792791
3.828058,0,-0.163946,0.768369,-0.153710,0.808288
3.838136,0,-0.155893,0.897460,-0.145488,0.823226
3.848059,0,-0.147840,0.821012,-0.137250,0.837129
3.858064,0,-0.139786,0.832914,-0.128807,0.850323
3.868050,0,-0.131733,0.813687,-0.120253,0.862654
3.878136,0,-0.123296,0.859006,-0.111494,0.874247
3.888058,0,-0.114475,0.917602,-0.102766,0.884795
3.898058,0,-0.105654,0.903869,-0.093869,0.894556
3.908058,0,-0.096834,0.924010,-0.084878,0.903435
3.918059,0,-0.088014,0.938659,-0.075802,0.911422
3.928053,0,-0.078426,0.958343,-0.066657,0.918505
3.938132,0,-0.068838,0.912108,-0.057367,0.924732
3.948048,0,-0.059634,0.960174,-0.048171,0.929953
3.958178,0,-0.050047,0.933623,-0.038727,0.934355
3.968046,0,-0.040076,0.975280,-0.029490,0.937733
3.978138,0,-0.030872,0.956054,-0.020013,0.940256
3.988065,0,-0.020900,1.084229,-0.010670,0.941815
3.998106,0,-0.011313,1.018311,-0.001210,0.942461
4.008066,0,-0.001726,0.991302,0.008176,0.942175
4.018061,0,0.007862,0.948730,0.017589,0.940961
4.028057,0,0.017449,1.005952,0.026984,0.938819
4.038059,0,0.027036,0.902038,0.036359,0.935749
4.048055,0,0.036240,0.877317,0.045695,0.931758
4.058060,0,0.045828,0.968413,0.054992,0.926843
4.068057,0,0.055417,0.912566,0.064230,0.921018
4.078059,0,0.064620,0.862210,0.073409,0.914280
4.088058,0,0.073824,0.919433,0.082514,0.906643
4.098058,0,0.083028,0.925384,0.091538,0.898110
4.108067,0,0.092232,0.921721,0.100481,0.888682
4.118122,0,0.101052,0.913024,0.109365,0.878325
4.128056,0,0.109873,0.889220,0.118036,0.867233
4.138057,0,0.118693,0.901580,0.126650,0.855213
4.148053,0,0.127514,0.878690,0.135135,0.842355
4.158058,0,0.135951,0.815976,0.143494,0.828655
4.168057,0,0.144387,0.863584,0.151708,0.814144
4.178058,0,0.152826,0.864499,0.159775,0.798827
4.188057,0,0.160879,0.733577,0.167683,0.782723
4.198058,0,0.168549,0.753719,0.175427,0.765846
4.208058,0,0.176219,0.737239,0.182998,0.748214
4.218058,0,0.183889,0.784848,0.190389,0.729843
4.228057,0,0.191559,0.680934,0.197592,0.710754
4.238059,0,0.198462,0.669948,0.204602,0.690959
4.248058,0,0.204981,0.707942,0.211409,0.670486
4.258058,0,0.211884,0.718013,0.218009,0.649350
4.268058,0,0.218787,0.661708,0.224394,0.627574
4.278058,0,0.224923,0.547723,0.230558,0.605178
4.288058,0,0.230675,0.511558,0.236496,0.582183
4.298059,0,0.236428,0.564203,0.242201,0.558614
4.308059,0,0.241797,0.618677,0.247666,0.534495
4.318059,0,0.247551,0.524375,0.252889,0.509848
4.328058,0,0.253303,0.611352,0.257861,0.484700
4.338059,0,0.257905,0.456169,0.262581,0.459070
4.348059,0,0.262123,0.431449,0.267042,0.432989
4.358058,0,0.265958,0.371023,0.271239,0.406484
4.368058,0,0.270177,0.404897,0.275170,0.379573
4.378059,0,0.274395,0.407644,0.278829,0.352287
4.388058,0,0.278997,0.404897,0.282214,0.324658
4.398060,0,0.282449,0.373312,0.285322,0.296698
4.408059,0,0.285517,0.281299,0.288148,0.268458
4.418132,0,0.287818,0.190204,0.290707,0.239739
4.428064,0,0.289352,0.069353,0.292947,0.211186
4.438133,0,0.290502,0.038223,0.294927,0.182031
4.448060,0,0.291269,0.051956,0.296590,0.153107
4.458141,0,0.291653,0.078508,0.297985,0.123582
4.468065,0,0.292036,0.012589,0.299067,0.094398
4.478130,0,0.292420,0.019913,0.299867,0.064704
4.488046,0,0.292803,0.102770,0.300364,0.035386
4.498133,0,0.293187,0.027237,0.300570,0.005528
4.508063,0,0.293187,0.023575,0.300479,-0.023871
4.518058,0,0.293187,-0.030442,0.300093,-0.053438
4.528056,0,0.293187,0.021286,0.299411,-0.082964
4.538144,0,0.293187,0.026321,0.298424,-0.112670
4.548069,0,0.292803,-0.016708,0.297161,-0.141786
4.558147,0,0.292803,0.006638,0.295584,-0.171212
4.568055,0,0.292803,-0.011673,0.293745,-0.199972
4.578144,0,0.292036,-0.012131,0.291580,-0.229057
4.588060,0,0.291653,-0.087663,0.289168,-0.257422
4.598142,0,0.290886,-0.107347,0.286428,-0.286005
4.608079,0,0.289352,-0.172351,0.283448,-0.313896
4.618147,0,0.287818,-0.193408,0.280146,-0.341842
4.628076,0,0.285133,-0.285420,0.276617,-0.369068
4.638136,0,0.282065,-0.313801,0.272767,-0.396286
4.648082,0,0.278230,-0.322958,0.268693,-0.422807
4.658135,0,0.273628,-0.460746,0.264309,-0.449196
4.668049,0,0.269793,-0.428244,0.259729,-0.474778
4.678139,0,0.265191,-0.479972,0.254809,-0.500343
4.688073,0,0.260973,-0.453422,0.249715,-0.525024
4.698143,0,0.256371,-0.457084,0.244305,-0.549517
4.708061,0,0.251386,-0.554131,0.238738,-0.573104
4.718065,0,0.245633,-0.628290,0.232888,-0.596332
4.728064,0,0.239496,-0.657587,0.226811,-0.618960
4.738144,0,0.232976,-0.665827,0.220460,-0.641153
4.748050,0,0.226457,-0.603570,0.214003,-0.662338
4.758136,0,0.219938,-0.658503,0.207216,-0.683247
4.768058,0,0.212651,-0.814603,0.200338,-0.703147
4.778140,0,0.204981,-0.785305,0.193150,-0.722669
4.788074,0,0.197695,-0.823300,0.185878,-0.741194
4.798148,0,0.190025,-0.831540,0.178320,-0.759245
4.808074,0,0.182355,-0.788052,0.170699,-0.776285
4.818126,0,0.173918,-0.860380,0.162812,-0.792774
4.828036,0,0.165865,-0.786678,0.154878,-0.808254
4.838144,0,0.157811,-0.832456,0.146631,-0.823239
4.848060,0,0.149374,-0.867704,0.138399,-0.837130
4.858155,0,0.140936,-0.797666,0.129880,-0.850439
4.868057,0,0.132116,-0.816892,0.121398,-0.862663
4.878134,0,0.123679,-0.834287,0.112646,-0.874245
4.888077,0,0.114858,-0.909362,0.103900,-0.884815
4.898067,0,0.106038,-0.886931,0.095011,-0.894565
4.908066,0,0.096834,-0.888304,0.086022,-0.903441
4.918159,0,0.088014,-0.884184,0.076861,-0.911498
4.928075,0,0.078426,-0.955138,0.067788,-0.918520
4.938141,0,0.069222,-0.976196,0.058510,-0.924737
4.948050,0,0.060018,-0.975738,0.049320,-0.929954
4.958136,0,0.050815,-0.908446,0.039917,-0.934338
4.968076,0,0.040842,-0.945067,0.030612,-0.937742
4.978148,0,0.031638,-0.934539,0.021154,-0.940258
4.988057,0,0.022051,-1.007782,0.011828,-0.941815
4.998066,0,0.012464,-0.944152,0.002398,-0.942460
5.008078,0,0.002493,-1.023346,-0.007037,-0.942174
5.018132,0,-0.006711,-0.913482,-0.016504,-0.940949
5.028047,0,-0.016299,-0.987640,-0.025824,-0.938822
5.038149,0,-0.025887,-0.946441,-0.035294,-0.935717
5.048062,0,-0.035474,-0.900206,-0.044551,-0.931755
5.058147,0,-0.044678,-0.956511,-0.053922,-0.926797
5.068043,0,-0.054265,-0.957427,-0.063067,-0.921027
5.078146,0,-0.063469,-0.938659,-0.072338,-0.914218
5.088077,0,-0.072673,-0.866331,-0.081380,-0.906627
5.098155,0,-0.081878,-0.922637,-0.090475,-0.898022
5.108067,0,-0.091082,-0.898832,-0.099330,-0.888682
5.118065,0,-0.099902,-0.840238,-0.108164,-0.878387
5.128063,0,-0.108722,-0.939574,-0.116892,-0.867225
5.138141,0,-0.117159,-0.854887,-0.125571,-0.855108
5.148064,0,-0.126364,-0.883268,-0.133994,-0.842340
5.158136,0,-0.134417,-0.816892,-0.142409,-0.828544
5.168056,0,-0.143238,-0.841153,-0.150558,-0.814145
5.178144,0,-0.150908,-0.801328,-0.158694,-0.798691
5.188064,0,-0.159345,-0.848477,-0.166538,-0.782713
5.198137,0,-0.167014,-0.793088,-0.174337,-0.765710
5.208077,0,-0.174685,-0.768368,-0.181862,-0.748179
5.218146,0,-0.182355,-0.766537,-0.189303,-0.729678
5.228067,0,-0.190025,-0.780270,-0.196448,-0.710735
5.238153,0,-0.196928,-0.707484,-0.203517,-0.690768
5.248064,0,-0.204214,-0.638361,-0.210263,-0.670474
5.258134,0,-0.210734,-0.604028,-0.216908,-0.649187
5.268054,0,-0.217253,-0.692378,-0.223241,-0.627583
5.278141,0,-0.223773,-0.693294,-0.229458,-0.604988
5.288059,0,-0.229909,-0.574273,-0.235346,-0.582181
5.298067,0,-0.235278,-0.503319,-0.241054,-0.558596
5.308067,0,-0.241030,-0.501488,-0.246520,-0.534475
5.318211,0,-0.246016,-0.490043,-0.251816,-0.509468
5.328047,0,-0.251001,-0.478599,-0.256706,-0.484728
5.338168,0,-0.256370,-0.563745,-0.261481,-0.458787
5.348067,0,-0.261356,-0.463951,-0.265895,-0.432969
5.358149,0,-0.265191,-0.349966,-0.270126,-0.406239
5.368075,0,-0.268642,-0.386130,-0.274026,-0.379528
5.378068,0,-0.272094,-0.331655,-0.277682,-0.352262
5.388066,0,-0.275162,-0.269856,-0.281067,-0.324634
5.398065,0,-0.278614,-0.324331,-0.284173,-0.296685
5.408075,0,-0.282449,-0.382010,-0.287001,-0.268411
5.418136,0,-0.285517,-0.337148,-0.289558,-0.239725
5.428075,0,-0.290502,-0.346304,-0.291799,-0.211152
5.438169,0,-0.292420,-0.305562,-0.293783,-0.181924
5.448047,0,-0.294337,-0.138933,-0.295438,-0.153145
5.458065,0,-0.295488,-0.051957,-0.296825,-0.123805
5.468064,0,-0.295871,-0.003891,-0.297916,-0.094400
5.478106,0,-0.295488,0.060198,-0.298715,-0.064775
5.488066,0,-0.295488,0.005264,-0.299214,-0.035328
5.498066,0,-0.295104,-0.008011,-0.299419,-0.005727
5.508158,0,-0.295104,-0.032731,-0.299326,0.024153
5.518136,0,-0.295104,-0.036851,-0.298938,0.053670
5.528070,0,-0.295104,-0.016708,-0.298259,0.083006
5.538140,0,-0.294721,0.058365,-0.297274,0.112657
5.548059,0,-0.294337,0.094072,-0.296012,0.141756
5.558145,0,-0.293570,0.058824,-0.294434,0.171203
5.568044,0,-0.292803,0.066149,-0.292596,0.199939
5.578136,0,-0.291653,0.107347,-0.290432,0.229036
5.588054,0,-0.290502,0.161363,-0.288019,0.257405
5.598132,0,-0.290502,0.137560,-0.285281,0.285976
5.608056,0,-0.287434,0.153582,-0.282304,0.313832
5.618140,0,-0.286284,0.133440,-0.278998,0.341824
5.628067,0,-0.284750,0.159075,-0.275470,0.369042
5.638134,0,-0.282832,0.170061,-0.271617,0.396281
5.648062,0,-0.280531,0.256580,-0.267551,0.422755
5.658130,0,-0.277847,0.250629,-0.263161,0.449182
5.668054,0,-0.274779,0.328909,-0.258576,0.474791
5.678132,0,-0.270944,0.396658,-0.253662,0.500326
5.688074,0,-0.266725,0.456169,-0.248564,0.525026
5.698145,0,-0.261739,0.586633,-0.243153,0.549521
5.708054,0,-0.255220,0.680476,-0.237591,0.573089
5.718144,0,-0.248317,0.684139,-0.231690,0.596514
5.728051,0,-0.240647,0.726253,-0.225669,0.618932
5.738145,0,-0.233744,0.731288,-0.219309,0.641155
5.748058,0,-0.226074,0.683681,-0.212847,0.662355
5.758133,0,-0.218404,0.750514,-0.206068,0.683241
5.768073,0,-0.210350,0.806363,-0.199177,0.703178
5.778137,0,-0.203064,0.778440,-0.192002,0.722663
5.788075,0,-0.195010,0.839780,-0.184727,0.741196
5.798132,0,-0.187340,0.773862,-0.177182,0.759216
5.808044,0,-0.179287,0.827878,-0.169572,0.776234
5.818059,0,-0.171616,0.836118,-0.161714,0.792666
5.828059,0,-0.163946,0.724880,-0.153709,0.808289
5.838057,0,-0.156277,0.804532,-0.145553,0.823113
5.848070,0,-0.147840,0.813687,-0.137240,0.837144
5.858065,0,-0.139786,0.831998,-0.128806,0.850324
5.868112,0,-0.131733,0.847562,-0.120200,0.862729
5.878145,0,-0.123296,0.781644,-0.111486,0.874256
5.888044,0,-0.114475,0.890136,-0.102779,0.884780
5.898143,0,-0.105654,0.880523,-0.093793,0.894636
5.908059,0,-0.096834,0.934081,-0.084878,0.903435
5.918058,0,-0.087630,0.938659,-0.075803,0.911421
5.928075,0,-0.078043,0.924468,-0.066637,0.918520
5.938136,0,-0.068838,0.924926,-0.057364,0.924734
5.948058,0,-0.059634,0.983520,-0.048162,0.929958
5.958158,0,-0.050047,0.955138,-0.038747,0.934347
5.968059,0,-0.040459,0.927215,-0.029478,0.937737
5.978059,0,-0.030872,0.962462,-0.020087,0.940240
5.988055,0,-0.021284,0.939116,-0.010680,0.941814
5.998062,0,-0.011313,0.998628,-0.001251,0.942460
6.008054,0,-0.001726,0.939116,0.008166,0.942176
6.018142,0,0.007862,0.978484,0.017664,0.940947
6.028057,0,0.017449,0.909820,0.026984,0.938819
6.038059,0,0.027036,0.918975,0.036360,0.935749
6.048059,0,0.036240,0.908446,0.045698,0.931756
6.058059,0,0.045828,0.988555,0.054992,0.926844
6.068056,0,0.055417,0.996796,0.064229,0.921019
6.078056,0,0.064620,0.945983,0.073406,0.914283
6.088074,0,0.073824,0.986266,0.082528,0.906630
6.098137,0,0.083028,0.949645,0.091609,0.898039
6.108077,0,0.092232,0.857633,0.100490,0.888672
6.118165,0,0.100669,0.840238,0.109403,0.878279
6.128058,0,0.109873,0.908904,0.118038,0.867231
6.138058,0,0.118693,0.891509,0.126651,0.855212
6.148058,0,0.127514,0.832914,0.135139,0.842349
6.158058,0,0.135567,0.764707,0.143495,0.828654
6.168058,0,0.144387,0.875943,0.151709,0.814143
6.178058,0,0.152826,0.814145,0.159775,0.798826
6.188058,0,0.160879,0.804990,0.167683,0.782723
6.198058,0,0.168549,0.692836,0.175427,0.765846
6.208058,0,0.176219,0.790799,0.182998,0.748213
6.218059,0,0.183889,0.761043,0.190389,0.729842
6.228056,0,0.191559,0.800412,0.197591,0.710756
6.238058,0,0.198462,0.755092,0.204601,0.690961
6.248055,0,0.204981,0.724880,0.211407,0.670493
6.258058,0,0.212268,0.690089,0.218009,0.649351
6.268058,0,0.218787,0.660335,0.224394,0.627574
6.278058,0,0.224923,0.598993,0.230558,0.605177
6.288058,0,0.231059,0.622339,0.236495,0.582185
6.298058,0,0.236428,0.611810,0.242200,0.558616
6.308058,0,0.242180,0.578393,0.247666,0.534497
6.318058,0,0.248318,0.589380,0.252888,0.509850
6.328059,0,0.253687,0.513389,0.257862,0.484698
6.338058,0,0.257905,0.403982,0.262581,0.459072
6.348077,0,0.262123,0.397115,0.267050,0.432941
6.358138,0,0.265958,0.327535,0.271271,0.406270
6.368066,0,0.270177,0.466239,0.275173,0.379552
6.378064,0,0.274012,0.387045,0.278831,0.352272
6.388075,0,0.278614,0.444267,0.282220,0.324611
6.398143,0,0.282449,0.389333,0.285347,0.296466
6.408075,0,0.285517,0.248340,0.288152,0.268411
6.418137,0,0.287818,0.231861,0.290709,0.239723
6.428075,0,0.289735,0.249714,0.292949,0.211154
6.438137,0,0.290502,0.132524,0.294927,0.182018
6.448070,0,0.291269,0.106432,0.296592,0.153077
6.458138,0,0.292036,0.029068,0.297985,0.123592
6.468045,0,0.292420,0.055161,0.299065,0.094456
6.478059,0,0.292803,0.045547,0.299863,0.064913
6.488058,0,0.293187,0.032272,0.300364,0.035349
6.498058,0,0.293187,0.065233,0.300570,0.005751
6.508059,0,0.293187,0.012131,0.300479,-0.023859
6.518139,0,0.293187,-0.020370,0.300088,-0.053678
6.528036,0,0.293187,-0.025864,0.299412,-0.082904
6.538170,0,0.293187,-0.056077,0.298421,-0.112745
6.548154,0,0.293187,-0.028152,0.297149,-0.142036
6.558145,0,0.293187,0.011215,0.295584,-0.171205
6.568048,0,0.292803,0.008011,0.293746,-0.199951
6.578141,0,0.292420,-0.019913,0.291581,-0.229049
6.588075,0,0.291653,-0.075761,0.289164,-0.257464
6.598173,0,0.290886,-0.122454,0.286420,-0.286093
6.608052,0,0.289352,-0.163195,0.283456,-0.313820
6.618179,0,0.287818,-0.198901,0.280135,-0.341932
6.628077,0,0.285133,-0.326162,0.276616,-0.369072
6.638141,0,0.282065,-0.352255,0.272765,-0.396299
6.648055,0,0.278230,-0.348592,0.268704,-0.422738
6.658134,0,0.274012,-0.347219,0.264310,-0.449194
6.668056,0,0.269793,-0.411765,0.259726,-0.474798
6.678138,0,0.265575,-0.486381,0.254810,-0.500341
6.688075,0,0.261356,-0.429617,0.249715,-0.525027
6.698138,0,0.256755,-0.487297,0.244308,-0.549504
6.708046,0,0.251769,-0.499657,0.238746,-0.573069
6.718139,0,0.246017,-0.555504,0.232844,-0.596501
6.728075,0,0.239496,-0.692378,0.226805,-0.618984
6.738154,0,0.233360,-0.608148,0.220453,-0.641175
6.748075,0,0.226457,-0.639277,0.213986,-0.662390
6.758150,0,0.219938,-0.721217,0.207207,-0.683275
6.768053,0,0.212651,-0.716640,0.200342,-0.703137
6.778155,0,0.205365,-0.775234,0.193139,-0.722698
6.788056,0,0.197695,-0.664454,0.185892,-0.741162
6.798133,0,0.190025,-0.817807,0.178331,-0.759219
6.808073,0,0.181971,-0.794461,0.170699,-0.776284
6.818140,0,0.174302,-0.838864,0.162801,-0.792795
6.828092,0,0.165865,-0.774777,0.154833,-0.808340
6.838144,0,0.157811,-0.831540,0.146632,-0.823238
6.848046,0,0.149374,-0.802243,0.138411,-0.837112
6.858149,0,0.140552,-0.937285,0.129885,-0.850432
6.868064,0,0.132116,-0.883726,0.121392,-0.862671
6.878152,0,0.123295,-0.839322,0.112630,-0.874265
6.888061,0,0.114475,-0.914397,0.103914,-0.884798
6.898147,0,0.105654,-0.897001,0.094940,-0.894639
6.908072,0,0.096451,-0.892881,0.086016,-0.903446
6.918154,0,0.087630,-0.881895,0.076866,-0.911494
6.928069,0,0.078426,-0.911193,0.067793,-0.918516
6.938142,0,0.069222,-0.929503,0.058509,-0.924738
6.948080,0,0.059635,-0.985809,0.049292,-0.929968
6.958138,0,0.050431,-0.942321,0.039916,-0.934339
6.968065,0,0.040842,-1.005951,0.030623,-0.937739
6.978137,0,0.031638,-0.901579,0.021164,-0.940256
6.988082,0,0.022051,-0.958343,0.011805,-0.941817
6.998153,0,0.012464,-0.938201,0.002316,-0.942462
7.008062,0,0.002876,-1.043488,-0.007022,-0.942176
7.018127,0,-0.006328,-0.975281,-0.016500,-0.940950
7.028059,0,-0.015915,-0.924926,-0.025836,-0.938818
7.038140,0,-0.025503,-1.027467,-0.035285,-0.935720
7.048055,0,-0.035091,-0.879606,-0.044544,-0.931758
7.058059,0,-0.044294,-0.936828,-0.053841,-0.926844
7.068053,0,-0.053882,-0.880522,-0.063075,-0.921020
7.078058,0,-0.063086,-0.898832,-0.072257,-0.914281
7.088049,0,-0.072673,-0.982605,-0.081354,-0.906650
7.098134,0,-0.081494,-0.947356,-0.090456,-0.898041
7.108068,0,-0.090698,-0.933623,-0.099331,-0.888680
7.118156,0,-0.099902,-0.913482,-0.108244,-0.878289
7.128052,0,-0.108722,-0.876402,-0.116882,-0.867238
7.138131,0,-0.117159,-0.870909,-0.125563,-0.855121
7.148056,0,-0.125980,-0.905699,-0.133987,-0.842351
7.158056,0,-0.134417,-0.758297,-0.142342,-0.828658
7.168052,0,-0.142854,-0.802701,-0.150554,-0.814151
7.178135,0,-0.150908,-0.848020,-0.158686,-0.798706
7.188067,0,-0.159345,-0.838864,-0.166540,-0.782708
7.198137,0,-0.167014,-0.750515,-0.174337,-0.765709
7.208057,0,-0.174685,-0.703365,-0.181847,-0.748215
7.218142,0,-0.182355,-0.715266,-0.189300,-0.729685
7.228067,0,-0.190025,-0.707942,-0.196448,-0.710734
7.238144,0,-0.196928,-0.704738,-0.203510,-0.690788
7.248048,0,-0.204214,-0.615014,-0.210252,-0.670507
7.258146,0,-0.210734,-0.694667,-0.216916,-0.649161
7.268063,0,-0.217253,-0.659876,-0.223246,-0.627563
7.278138,0,-0.223390,-0.634241,-0.229456,-0.604995
7.288071,0,-0.229526,-0.597619,-0.235353,-0.582153
7.298067,0,-0.235278,-0.538567,-0.241054,-0.558596
7.308053,0,-0.240647,-0.548638,-0.246513,-0.534510
7.318149,0,-0.245632,-0.504235,-0.251784,-0.509625
7.328064,0,-0.251001,-0.533989,-0.256714,-0.484686
7.338137,0,-0.256370,-0.505608,-0.261466,-0.458868
7.348052,0,-0.261356,-0.441062,-0.265888,-0.433008
7.358139,0,-0.265574,-0.454795,-0.270122,-0.406266
7.368038,0,-0.269026,-0.381552,-0.274011,-0.379628
7.378135,0,-0.272478,-0.360494,-0.277706,-0.352077
7.388064,0,-0.275546,-0.359579,-0.281066,-0.324641
7.398144,0,-0.278614,-0.371938,-0.284196,-0.296463
7.408053,0,-0.282065,-0.370565,-0.286996,-0.268474
7.418146,0,-0.285517,-0.338979,-0.289560,-0.239697
7.428064,0,-0.290502,-0.374685,-0.291796,-0.211186
7.438154,0,-0.292420,-0.290456,-0.293780,-0.181969
7.448051,0,-0.294337,-0.163195,-0.295438,-0.153134
7.458138,0,-0.295488,-0.079881,-0.296834,-0.123590
7.468054,0,-0.295871,0.001602,-0.297915,-0.094431
7.478142,0,-0.295488,0.026779,-0.298718,-0.064669
7.488074,0,-0.295104,-0.013046,-0.299214,-0.035302
7.498141,0,-0.295104,-0.002518,-0.299420,-0.005503
7.508059,0,-0.295104,-0.009384,-0.299329,0.023859
7.518142,0,-0.295104,0.033188,-0.298938,0.053687
7.528075,0,-0.294721,0.066149,-0.298259,0.083020
7.538148,0,-0.294337,0.040054,-0.297273,0.112681
7.548053,0,-0.294337,0.046921,-0.296013,0.141739
7.558137,0,-0.293570,0.114672,-0.294435,0.171182
7.568055,0,-0.292803,0.087664,-0.292594,0.199971
7.578138,0,-0.292036,0.082170,-0.290431,0.229041
7.588067,0,-0.290502,0.248340,-0.288016,0.257441
7.598148,0,-0.290502,0.121996,-0.285276,0.286023
7.608064,0,-0.287818,0.168688,-0.282302,0.313855
7.618137,0,-0.286284,0.118791,-0.278999,0.341814
7.628063,0,-0.284750,0.162279,-0.275471,0.369032
7.638138,0,-0.282832,0.166857,-0.271616,0.396292
7.648064,0,-0.280148,0.279926,-0.267550,0.422761
7.658133,0,-0.277463,0.328909,-0.263160,0.449190
7.668073,0,-0.274395,0.322042,-0.258567,0.474841
7.678138,0,-0.270944,0.331655,-0.253659,0.500342
7.688080,0,-0.266341,0.485008,-0.248561,0.525041
7.698132,0,-0.260972,0.548639,-0.243161,0.549490
7.708065,0,-0.254453,0.711604,-0.237585,0.573114
7.718140,0,-0.247550,0.684139,-0.231692,0.596504
7.728060,0,-0.240647,0.674068,-0.225663,0.618951
7.738139,0,-0.233361,0.712520,-0.219312,0.641144
7.748067,0,-0.226074,0.753261,-0.212841,0.662374
7.758132,0,-0.218404,0.811399,-0.206069,0.683239
7.768073,0,-0.210350,0.739528,-0.199177,0.703178
7.778136,0,-0.203064,0.756465,-0.192002,0.722661
7.788074,0,-0.195394,0.752345,-0.184728,0.741195
7.798137,0,-0.187724,0.797666,-0.177178,0.759225
7.808062,0,-0.179670,0.808652,-0.169558,0.776265
7.818139,0,-0.172001,0.756923,-0.161651,0.792794
7.828047,0,-0.164330,0.768369,-0.153719,0.808271
7.838130,0,-0.156277,0.810483,-0.145493,0.823218
7.848075,0,-0.147840,0.850309,-0.137236,0.837151
7.858138,0,-0.139786,0.790341,-0.128744,0.850418
7.868073,0,-0.131733,0.816434,-0.120234,0.862682
7.878145,0,-0.123296,0.869535,-0.111486,0.874257
7.888073,0,-0.114091,0.945983,-0.102753,0.884810
7.898138,0,-0.105271,0.925384,-0.093797,0.894631
7.908057,0,-0.096451,0.880980,-0.084879,0.903433
7.918142,0,-0.087630,0.839322,-0.075727,0.911484
7.928073,0,-0.078043,0.902038,-0.066639,0.918519
7.938132,0,-0.068838,0.993133,-0.057368,0.924732
7.948061,0,-0.059251,0.996796,-0.048159,0.929959
7.958136,0,-0.050047,0.935454,-0.038767,0.934338
7.968061,0,-0.040076,0.931334,-0.029476,0.937737
7.978143,0,-0.030872,0.985808,-0.020008,0.940257
7.988151,0,-0.020900,1.003205,-0.010590,0.941825
7.998076,0,-0.011313,0.984893,-0.001239,0.942461
8.008056,0,-0.001726,0.962462,0.008167,0.942176
8.018064,0,0.007862,0.965667,0.017591,0.940961
8.028055,0,0.017449,0.941405,0.026982,0.938820
8.038148,0,0.027036,0.945525,0.036443,0.935718
8.048039,0,0.036240,0.884643,0.045679,0.931765
8.058137,0,0.045828,1.021973,0.055064,0.926802
8.068054,0,0.055417,0.923553,0.064228,0.921019
8.078128,0,0.064620,0.978942,0.073472,0.914231
8.088064,0,0.073441,0.848020,0.082519,0.906638
8.098137,0,0.083028,0.974364,0.091608,0.898039
8.108064,0,0.091849,0.833829,0.100478,0.888685
8.118132,0,0.100669,0.842527,0.109374,0.878315
8.128082,0,0.109873,0.920806,0.118059,0.867203
8.138143,0,0.118693,0.901580,0.126724,0.855106
8.148074,0,0.127514,0.862668,0.135153,0.842327
8.158148,0,0.135951,0.781644,0.143569,0.828527
8.168057,0,0.144387,0.885100,0.151709,0.814143
8.178142,0,0.152826,0.842984,0.159842,0.798694
8.188070,0,0.160879,0.801328,0.167693,0.782702
8.198132,0,0.168549,0.750057,0.175483,0.765719
8.208074,0,0.176219,0.738155,0.183009,0.748186
8.218136,0,0.183889,0.764249,0.190446,0.729697
8.228050,0,0.191559,0.719386,0.197586,0.710769
8.238137,0,0.198462,0.637445,0.204656,0.690802
8.248074,0,0.204981,0.668575,0.211420,0.670454
8.258155,0,0.211884,0.667201,0.218072,0.649141
8.268069,0,0.218787,0.679561,0.224401,0.627550
8.278144,0,0.224923,0.606317,0.230610,0.604982
8.288048,0,0.231059,0.530328,0.236490,0.582207
8.298157,0,0.236428,0.574731,0.242255,0.558380
8.308044,0,0.242180,0.550470,0.247659,0.534530
8.318143,0,0.247934,0.592584,0.252931,0.509640
8.328071,0,0.253303,0.442436,0.257868,0.484668
8.338142,0,0.257905,0.405813,0.262619,0.458854
8.348056,0,0.262123,0.435569,0.267040,0.432996
8.358133,0,0.265958,0.348592,0.271270,0.406282
8.368060,0,0.269793,0.421836,0.275170,0.379568
8.378149,0,0.274012,0.386129,0.278861,0.352038
8.388076,0,0.278614,0.423210,0.282220,0.324608
8.398139,0,0.282449,0.409933,0.285345,0.296478
8.408073,0,0.285517,0.219959,0.288152,0.268416
8.418136,0,0.288201,0.270313,0.290708,0.239725
8.428134,0,0.289735,0.134355,0.292962,0.210985
8.438156,0,0.290886,0.180134,0.294931,0.181963
8.448060,0,0.291653,0.073015,0.296590,0.153107
8.458132,0,0.292420,0.067522,0.297984,0.123609
8.468067,0,0.292420,0.006638,0.299067,0.094392
8.478138,0,0.292803,0.010300,0.299868,0.064681
8.488074,0,0.292803,-0.012589,0.300365,0.035304
8.498136,0,0.293187,0.029068,0.300570,0.005521
8.508154,0,0.293187,0.012589,0.300477,-0.024142
8.518124,0,0.293187,0.021744,0.300089,-0.053635
8.528034,0,0.293187,-0.022659,0.299413,-0.082898
8.538136,0,0.293187,-0.054246,0.298425,-0.112647
8.548074,0,0.293187,-0.073014,0.297160,-0.141801
8.558136,0,0.292803,-0.061570,0.295586,-0.171177
8.568074,0,0.292420,-0.024033,0.293741,-0.200025
8.578145,0,0.292036,-0.054246,0.291580,-0.229060
8.588068,0,0.291269,-0.108263,0.289166,-0.257445
8.598137,0,0.290502,-0.091326,0.286430,-0.285991
8.608059,0,0.289352,-0.194781,0.283454,-0.313840
8.618135,0,0.287434,-0.242847,0.280151,-0.341808
8.628044,0,0.285133,-0.312886,0.276629,-0.368980
8.638129,0,0.282065,-0.351339,0.272770,-0.396268
8.648064,0,0.278230,-0.442436,0.268701,-0.422761
8.658136,0,0.274012,-0.462120,0.264309,-0.449197
8.668062,0,0.269793,-0.416800,0.259723,-0.474813
8.678147,0,0.265575,-0.436484,0.254805,-0.500363
8.688057,0,0.261356,-0.455711,0.249724,-0.524982
8.698131,0,0.256755,-0.437857,0.244312,-0.549488
8.708062,0,0.251386,-0.564203,0.238737,-0.573106
8.718133,0,0.245633,-0.550011,0.232847,-0.596489
8.728085,0,0.239496,-0.680934,0.226798,-0.619007
8.738140,0,0.232976,-0.670405,0.220462,-0.641145
8.748064,0,0.226457,-0.668574,0.213994,-0.662366
8.758138,0,0.219938,-0.699703,0.207215,-0.683250
8.768074,0,0.212651,-0.806821,0.200327,-0.703179
8.778132,0,0.205365,-0.752804,0.193156,-0.722653
8.788074,0,0.197695,-0.740444,0.185878,-0.741195
8.798143,0,0.190408,-0.735867,0.178324,-0.759236
8.808053,0,0.182355,-0.778897,0.170715,-0.776250
8.818132,0,0.174302,-0.806363,0.162807,-0.792782
8.828059,0,0.165865,-0.824674,0.154860,-0.808289
8.838132,0,0.157811,-0.775234,0.146642,-0.823220
8.848075,0,0.149374,-0.875944,0.138386,-0.837152
8.858133,0,0.140936,-0.790341,0.129899,-0.850411
8.868045,0,0.132116,-0.871367,0.121409,-0.862648
8.878131,0,0.123679,-0.850309,0.112648,-0.874242
8.888069,0,0.114475,-0.921721,0.103907,-0.884806
8.898137,0,0.105654,-0.971619,0.094949,-0.894630
8.908074,0,0.096834,-0.882811,0.086014,-0.903448
8.918133,0,0.087630,-0.917144,0.076885,-0.911478
8.928070,0,0.078426,-0.901579,0.067792,-0.918516
8.938138,0,0.069222,-0.941405,0.058512,-0.924735
8.948036,0,0.059635,-0.982605,0.049333,-0.929947
8.958132,0,0.050431,-0.904326,0.039921,-0.934337
8.968075,0,0.040842,-0.942321,0.030613,-0.937742
8.978134,0,0.031255,-0.944152,0.021168,-0.940255
8.988075,0,0.022051,-0.901121,0.011812,-0.941816
8.998168,0,0.012464,-0.978027,0.002302,-0.942462
9.008057,0,0.002876,-0.931792,-0.007018,-0.942176
9.018139,0,-0.006328,-0.890593,-0.016512,-0.940948
9.028041,0,-0.016299,-1.023346,-0.025818,-0.938823
9.038170,0,-0.025503,-1.005035,-0.035313,-0.935710
9.048067,0,-0.035091,-0.911651,-0.044554,-0.931753
9.058136,0,-0.044294,-0.902494,-0.053912,-0.926803
9.068167,0,-0.053882,-0.967041,-0.063181,-0.920948
9.078135,0,-0.063086,-0.907072,-0.072328,-0.914226
9.088057,0,-0.072290,-0.847104,-0.081362,-0.906643
9.098058,0,-0.081494,-0.896544,-0.090387,-0.898110
9.108060,0,-0.090698,-0.952849,-0.099324,-0.888689
9.118058,0,-0.099519,-0.883726,-0.108158,-0.878394
9.128058,0,-0.108339,-0.862669,-0.116887,-0.867231
9.138058,0,-0.117159,-0.861296,-0.125500,-0.855212
9.148057,0,-0.125980,-0.790798,-0.133988,-0.842349
9.158058,0,-0.134417,-0.801786,-0.142344,-0.828654
9.168058,0,-0.142854,-0.798581,-0.150559,-0.814142
9.178059,0,-0.150908,-0.858091,-0.158625,-0.798825
9.188057,0,-0.158961,-0.770199,-0.166532,-0.782724
9.198058,0,-0.167014,-0.794461,-0.174276,-0.765846
9.208057,0,-0.174685,-0.726253,-0.181847,-0.748215
9.218058,0,-0.182355,-0.752346,-0.189238,-0.729843
9.228056,0,-0.189641,-0.713435,-0.196440,-0.710757
9.238058,0,-0.196928,-0.732662,-0.203451,-0.690960
9.248055,0,-0.203831,-0.746395,-0.210257,-0.670492
9.258057,0,-0.210350,-0.633326,-0.216857,-0.649353
9.268058,0,-0.217253,-0.670405,-0.223243,-0.627574
9.278059,0,-0.223390,-0.577936,-0.229408,-0.605176
9.288057,0,-0.229526,-0.597162,-0.235345,-0.582185
9.298058,0,-0.235278,-0.544060,-0.241049,-0.558616
9.308059,0,-0.240647,-0.505150,-0.246516,-0.534495
9.318138,0,-0.246016,-0.471733,-0.251779,-0.509650
9.328051,0,-0.251385,-0.577936,-0.256708,-0.484717
9.338072,0,-0.256370,-0.514763,-0.261436,-0.459037
9.348069,0,-0.261356,-0.455253,-0.265896,-0.432963
9.358137,0,-0.265574,-0.403983,-0.270121,-0.406272
9.368070,0,-0.268642,-0.295491,-0.274024,-0.379540
9.378138,0,-0.272094,-0.307851,-0.277707,-0.352070
9.388099,0,-0.275162,-0.336691,-0.281077,-0.324544
9.398139,0,-0.278614,-0.347219,-0.284195,-0.296476
9.408074,0,-0.282065,-0.366903,-0.287001,-0.268415
9.418134,0,-0.285517,-0.401694,-0.289557,-0.239733
9.428069,0,-0.288968,-0.386588,-0.291797,-0.211170
9.438137,0,-0.292036,-0.253376,-0.293777,-0.182018
9.448073,0,-0.294337,-0.183337,-0.295442,-0.153068
9.458158,0,-0.295488,-0.096361,-0.296837,-0.123534
9.468047,0,-0.295488,-0.001602,-0.297915,-0.094451
9.478137,0,-0.295488,0.057907,-0.298717,-0.064684
